id;site_title;site_description;site_keywords;ga_tracking_id;banner_top;banner_sidebar
1;unsung beyond;../fake-data/blob/hipster.txt;../fake-data/blob/hipster.txt;mmm controvert rue;../fake-data/blob/hipster.txt;../fake-data/blob/hipster.txt
2;oof huzzah agreeable;../fake-data/blob/hipster.txt;../fake-data/blob/hipster.txt;whine fearless;../fake-data/blob/hipster.txt;../fake-data/blob/hipster.txt
3;elastic duh at;../fake-data/blob/hipster.txt;../fake-data/blob/hipster.txt;acquaintance;../fake-data/blob/hipster.txt;../fake-data/blob/hipster.txt
4;lovely override;../fake-data/blob/hipster.txt;../fake-data/blob/hipster.txt;mmm although uh-huh;../fake-data/blob/hipster.txt;../fake-data/blob/hipster.txt
5;if wiggly store;../fake-data/blob/hipster.txt;../fake-data/blob/hipster.txt;whenever abaft;../fake-data/blob/hipster.txt;../fake-data/blob/hipster.txt
6;accentuate cheap;../fake-data/blob/hipster.txt;../fake-data/blob/hipster.txt;barring;../fake-data/blob/hipster.txt;../fake-data/blob/hipster.txt
7;gosh boo;../fake-data/blob/hipster.txt;../fake-data/blob/hipster.txt;ah pfft;../fake-data/blob/hipster.txt;../fake-data/blob/hipster.txt
8;internationalize clumsy whole;../fake-data/blob/hipster.txt;../fake-data/blob/hipster.txt;likewise ack supposing;../fake-data/blob/hipster.txt;../fake-data/blob/hipster.txt
9;summer oh;../fake-data/blob/hipster.txt;../fake-data/blob/hipster.txt;spattering;../fake-data/blob/hipster.txt;../fake-data/blob/hipster.txt
10;immediately declaration;../fake-data/blob/hipster.txt;../fake-data/blob/hipster.txt;at management;../fake-data/blob/hipster.txt;../fake-data/blob/hipster.txt
